,Kommune,Resumé
0,Norddjurs,"- Alkohol
- Arbejdstagerrettigheder
- Arbejdstagerrettigheder (bl.a. ILO-konventionen 87)
- Biodiversitet
- Brud på grundlæggende arbejdstagerrettigheder (strider imod FN Global Compact princip 3 og 4)
- Kontroversielle våben (bl.a. hvidt fosfor)
- Ejendomsopkøb
- Flyselskaber
- Fossil energi (kul, fracking, olie og gas)
- Spil
- God ledelsespraksis
- Skadelige miljøpraksisser
- Menneskerettigheder
- ILO-brud
- Integreret olie & gas
- Klimarelaterede forhold
- Normbrud (miljø og menneskerettigheder)
- Kul (kul-eksponering > 5%)
- Arbejdspraksisser
- Landepolitik
- Manglende klimaambitioner
- Usunde fødevarer
- Tjenester og infrastruktur, der understøtter bosættelser
- Termisk kul (udvinding og produktion)"
1,Vallensbæk,"- Affiliation med Rusland
- Arbejdstagerrettigheder
- Brud på grundlæggende arbejdstagerrettigheder (fx ILO-konventionen 87, FN Global Compact princip 3 og 4)
- Kontroversielle våben
- Flyselskaber
- Fossile brændstoffer
- Menneskerettigheder
- ILO-brud
- Krænkelse af menneskerettigheder
- Landepolitik
- Manglende klimaambitioner
- Normovertrædelser
- Principielle negative virkninger (PAI)
- Produkter involveret i tobaksdetailhandel
- Tjenester og forsyninger, der understøtter opretholdelse af bosættelser, herunder transport
- Levering af sikkerhedstjenester, udstyr og materialer til virksomheder i bosættelser
- Udnyttelse af naturressourcer, især vand og land, til forretningsformål
- Udtømning af termisk kul
- Usunde fødevarer"
2,Lejre,"- Brud på arbejdstagerrettigheder, herunder ILO-konventionen
- Krænkelse af menneskerettigheder
- Engagement i kontroversielle våben
- Deltagelse i flyveselskaber
- Investering i fossile brændstoffer
- Manglende klimaambitioner
- Overtrædelser af normative standarder, herunder FN Global Compact 
- Engagement i tobaksprodukter og detailhandel med disse
- Inddragelse i landepolitik og udnyttelse af naturressourcer
- Levering af sikkerhedstjenester til virksomheder i besatte områder
- Indflydelse på sundheden via usunde fødevarer
- Principal Adverse Impacts (PAI) i relation til sociale og miljømæssige faktorer"
3,Vesthimmerland,"- Arbejdstagerrettigheder
- Dårlig regeringsførelse
- EU-sanktioner
- Emerging Markets statsobligationer uden ESG-krav
- Fossil brændstof relateret ekspansion og transition
- Miljøskadelige praksisser
- Menneskerettighedsspørgsmål
- Landepolitik
- Sikkerhedsrisici
- Kul eksponering over 5%
- Omsætning fra ukonventionel olie, gas, termisk kul eller arktisk boring over 5%
- Principal Adverse Impacts (PAI)
- Usunde fødevarer
- Regeringsførelse og forvaltningspraksis vurderet som utilfredsstillende
- Ruslands invasion af Ukraine"
4,Stevns,Der er ikke noget relevant data.
5,Ikast-Brande,"- Arbejdstagerrettigheder
- Biodiversitet
- Brud på grundlæggende arbejdstagerrettigheder
- Kontroversielle våben
- Ejendomsopkøb
- Flyselskaber
- Fossile brændstoffer
- Gambling
- God ledelsespraksis
- Skadelige miljøpraksisser
- Menneskerettigheder
- ILO-brud
- Internationale normer og konventioner
- Israel/Palæstina
- Konflikt med UN Global Compact princip nr. 10
- Kul (kul-eksponering > 5%)
- Landepolitik
- Manglende klimaambitioner
- Normbrud
- Usunde fødevarer
- Termisk kuludvinding
- Våben
- Principal Adverse Impacts (PAI)"
6,Svendborg,"- Affiliation med Rusland
- Alkohol
- Brud på arbejdstagerrettigheder
- Biodiversitet og biodiversitetspåvirkninger
- Kontroversielle våben
- Overtrædelse af EU-sanktioner
- Ejendomserhvervelse
- Emerging Markets statsobligationer uden ESG-kriterier
- Flyselskaber
- Fossil energi og fracking
- Gambling
- Dårlig ledelsespraksis
- Skadelige miljøpraksisser
- Menneskerettighedskrænkelser
- ILO-brud
- Integreret olie og gas
- Internationale normer og konventioner
- Klimaudfordringer og omstilling
- Normbrud i forhold til Menneskerettigheder
- Kul, med eksponering over 5%
- Manglende klimaambitioner
- Miljøspørgsmål
- Normovertrædelser
- Olie og gasudvinding/produktion
- Uheldige fødevarer
- Våbenproduktion og tilvejebringelse af sikkerhedstjenester til bosættelser"
7,Varde,"- Arbejdsvilkår og arbejdstagerrettigheder
- Brud på internationale normer og konventioner
- Biodiversitet og miljøpåvirkninger
- Kontroversielle våben, herunder hvid fosfor
- EU-sanktioner
- Ejendomsovertagelser
- Statsobligationer i emerging markets uden ESG-overholdelse
- Flyselskaber og krydstogtskibe
- Fossil energi, herunder kul og olie
- Gambling og usunde fødevarer
- Menneskerettigheder og sociale spørgsmål
- Klimaforpligtelser og manglende ambitioner
- Anvendelse af naturressourcer, især vand og land
- God ledelsespraksis og normbrud"
8,Fanø,"- Tilknytning til Rusland
- Alkoholrelaterede investeringer
- Brud på arbejdstagerrettigheder og -konventioner (f.eks. ILO-konvention 87)
- Atomvåben og kontroversielle våben
- Dårlig regeringsførelse
- Overholdelse af EU-sanktioner
- Ejendomsopkøb og investeringer i lande under internationale sanktioner
- Miljømæssige problematikker (f.eks. biodiversitet, skadelige miljøpraksisser)
- Menneskerettighedskrænkelser og relaterede normer
- Investeringer i fossile brændstoffer og udvidelse af kul og olie
- Uetisk praksis i finansielle operationer og deres støtte til bosættelser
- Manglende overholdelse af ansvarlige investeringspolitikker
- Uacceptabel skattemæssig praksis
- Involvering i kontroversielle industrier som gambling og usunde fødevarer
- Kategorier med lav ESG-performance
- Ingen relevant data for visse investeringer"
9,Holstebro,"- Brud på arbejdstagerrettigheder (herunder ILO-konventionen 87)
- Krænkelse af menneskerettigheder, herunder FN’s principper
- Biodiversitetspåvirkninger
- Kontroversielle våben
- Overholdelse af EU sanktioner
- Forbindelse til flyselskaber
- Fossil energikilder og transition til bæredygtige alternativer
- Skadelige miljøpraksisser
- Normovertrædelser, herunder i relation til menneskerettigheder
- Israel/Palæstina spørgsmål
- Kul og høj eksponering for kul (over 5%)
- Mangel på klimaambitioner
- Olie og eksponering for ukonventionel olie og gas (over 5%)
- Deltagelse i usunde fødevarer
- Sikkerhedsforhold og risici
- Levering af tjenester og forsyninger til bosættelser
- Anvendelse af naturressourcer til kommercielle formål, især vand og land
- Russisk invasion af Ukraine
- Udfordringer relateret til landepolitik
- Principal Adverse Impacts (PAI)"
10,Glostrup,Der er ikke noget relevant data.
11,Favrskov,"- Arbejdstagerrettigheder
- Brud på grundlæggende arbejdstagerrettigheder
- Overtrædelse af ILO-konventionen
- Kontroversielle våben
- Flytransport relateret virksomhed
- Fossile brændstoffer
- Krænkelse af menneskerettigheder
- Manglende respekt for ILO-standarder
- Landepolitik og konfliktområder
- Lave klimaambitioner
- Udfordringer omkring menneskerettigheder
- Normovertrædelser relateret til menneskerettigheder
- Negativ indvirkning på principperne for ansvarlige investeringer (PAI)
- Involvering i tobaksprodukter
- Tjenester og forsyninger, der understøtter konfliktområder
- Levering af sikkerhedsservices til problematiske områder
- Usunde fødevarer"
12,Vejle,"- Tilknytning til Rusland
- Flyselskaber
- Israel/Palæstina konflikten
- Menneskerettighedskrænkelser
- Principielle negative påvirkninger (PAI)
- Tjenester og forsyninger, der understøtter bosættelser, herunder transport
- Udvinding af termisk kul
- Usunde fødevarer"
13,Middelfart,"- Arbejdstagerrettigheder
- Biodiversitet
- Brud på grundlæggende arbejdstagerrettigheder (FN Global Compact princip 3 og 4)
- Kontroversielle våben
- Ejendomsopkøb
- Flyselskab
- Fossile brændstoffer
- Gambling
- God ledelsespraksis
- Skadelige miljøpraksis
- Menneskerettighedsspørgsmål
- ILO-brud
- Internationale normer og konventioner
- Konflikt med UN Global Compact princip nr. 10
- Krydstogtskibe
- Landepolitik
- Manglende klimaambitioner
- Normbrud
- Olie
- Thermal coal extraction
- Usunde fødevarer
- Principal Adverse Impacts (PAI) 
- SPU
- Våben"
14,Assens,"- Affiliation med Rusland
- Overtrædelse af arbejdstagerrettigheder
- Mangel på overholdelse af ILO-konventionen 87
- Negativ indvirkning på biodiversitet
- Brud på FN Global Compact principper om arbejdstagerrettigheder
- Anvendelse af kontroversielle våben
- Involvering med flyselskaber
- Investering i fossile brændstoffer
- Eksponering for kul (over 5%)
- Deltagelse i spilindustrien
- Skadelige miljøpraksisser
- Krænkelser af menneskerettigheder
- ILO-brud
- Politikker omkring Israel/Palæstina
- Involvering med krydstogtskibe
- Mangel på klimaambitioner
- Krænkelse af normer vedrørende menneskerettigheder
- Negative påvirkninger (Principal Adverse Impacts - PAI)
- Involvering med tobaksprodukter
- Levering af service og forsyninger til bosættelser
- Levering af sikkerhedsydelser til virksomheder i bosættelser
- Anvendelse af naturressourcer, særligt vand og land, til erhvervsformål
- Udvinding af termisk kul
- Uheldige fødevarer"
15,Odsherred,Der er ikke noget relevant data.
16,Dragør,Der er ikke noget relevant data.
17,Odder,Der er ikke noget relevant data.
18,Billund,"- Arbejdstagerrettigheder
- Brud på grundlæggende arbejdstagerrettigheder
- Kontroversielle våben
- Flyselskaber
- Fossile brændstoffer
- Menneskerettigheder
- ILO-brud 
- Krænkelse af menneskerettigheder
- Landepolitik
- Manglende klimaambitioner
- Normovertrædelser
- Principal Adverse Impacts (PAI)
- Tobaksrelaterede produkter
- Tjenester og forsyninger til bosættelser
- Levering af sikkerhedstjenester til bosættelser
- Anvendelse af naturlige ressourcer til forretningsformål
- Usunde fødevarer"
19,Brøndby,"- Arbejdstagerrettigheder
- Arbejdstagerrettigheder i henhold til ILO-konventionen 87
- Biodiversitet og dens påvirkninger
- Kontroversielle våben
- Fossile brændstoffer og ekspansion
- Spil (gambling)
- Skadelige praksisser for miljøet
- Overtrædelse af ILO-rettigheder
- Israelske/Palæstinensiske konflikter
- Krydstogtskibe
- Kul (kul-eksponering over 5%)
- Arbejdsrettigheder
- Landepolitik
- Normer
- Principal Adverse Impacts (PAI)
- Ugesunde fødevarer"
20,Horsens,"- Brud på arbejdstagerrettigheder
- Overtrædelse af ILO-konventionen
- Brud på FN Global Compact principper vedrørende arbejdstagerrettigheder
- Involveret i kontroversielle våben, herunder hvid fosfor
- Deltagelse i produktion af kontroversielle våben
- Investeringer i flyselskaber
- Engageret i fossile brændstoffer
- Overtrædelse af menneskerettigheder
- ILO-brud
- Manglende klimaambitioner
- Krænkelse af menneskelige normer
- Negative påvirkninger på menneskerettigheder
- Involvering i tobaksprodukter
- Levering af services der understøtter ulovlige bosættelser
- Levering af sikkerhedsudstyr til virksomheder i ulovlige bosættelser
- Udnyttelse af naturressourcer til forretningsformål
- Produktion af usunde fødevarer"
21,Region Syddanmark,Der er ikke noget relevant data.
22,Esbjerg,"- Arbejdstagerrettigheder
- Biodiversitet 
- Brud på arbejdstagerrettigheder (FN Global Compact princip 3 og 4)
- Kontroversielle våben (inkl. hvidt fosfor)
- Ejendomsopkøb
- Fossil brændstoffer
- Gambling
- Skadelige miljøpraksisser
- Menneskerettigheder og relaterede issues
- ILO-brud
- Brud på internationale normer og konventioner
- Overtrædelser af internationale sanktioner og forretningsetik
- Involvering i kernevåben
- Israel/Palæstina forhold
- Krydstogtskibe
- Manglende klimaambitioner
- Principal Adverse Impacts (PAI)
- Sikkerhedsforhold
- Tjenester og forsyninger, der understøtter bosættelser
- Forsyning af sikkerhedstjenester til virksomheder i bosættelser
- Thermal kul ekstraktion
- Usunde fødevarer"
23,Køge,"- Arbejdstagerrettigheder
- Biodiversitet
- Kontroversielle våben
- Fossile brændstoffer
- Spil
- Skadelige miljøpraksisser
- ILO-brud
- Israel-Palæstina konflikten
- Krydstogtskibe
- Kul-eksponering over 5%
- Landepolitik
- Principielle negative indvirkninger (PAI)
- Termisk kuludvinding
- Usunde fødevarer"
24,Frederiksberg,"- Arbejdstagerrettigheder 
- Brud på grundlæggende arbejdstagerrettigheder 
- Biodiversitetspåvirkning 
- Kontroversielle våben 
- Luftfart 
- Fossile brændstoffer 
- Fossil ekspansion 
- Spilindustri 
- Skadelige miljøpraksisser 
- Menneskerettigheder 
- Brud på ILO-konventioner 
- Kul (kul-eksponering > 5%) 
- Landepolitik 
- Manglende klimaambitioner 
- Normovertrædelser 
- Negative indvirkninger på menneskerettigheder 
- Produkter relateret til tobaksdetailhandel 
- Levering af tjenester og forsyninger til beboelsesområder 
- Levering af sikkerhedstjenester til virksomheder i beboelsesområder 
- Udgivelse af termisk kul 
- Usunde fødevarer"
25,Helsingør,"- Arbejdstagerrettigheder
- Biodiversitet
- Brud på grundlæggende arbejdstagerrettigheder
- Ejendomsopkøb
- Flyselskaber
- Fossil brændstof
- Gambling
- God ledelsespraksis
- Skadelige miljøpraksis
- Menneskerettighedsproblemer
- ILO-brud
- Internationale normer og konventioner
- Konflikt med UN Global Compact princip nr. 10
- Kontroversielle våben
- Krydstogtskibe
- Manglende klimaambitioner
- Normbrud
- Normviolationer i relation til menneskerettigheder
- Olie
- Termisk kuludvinding
- Usunde fødevarer 
- Våben"
26,Skive,"- Overtrædelser af arbejdstagerrettigheder
- Brud på internationale konventioner som FN Global Compact
- Negativ indvirkning på biodiversitet
- Producent af kontroversielle våben såsom hvid fosfor
- Overholdelse af EU-sanktioner
- Indkøb af ejendom under uetiske forhold
- Manglende opfyldelse af ESG-kriterier på emerging markets statsobligationer
- Ejendomsudvikling relateret til problematiske flyselskaber
- Udvidelse af fossil energi, herunder kul og fracking
- Forbindelse til casino- og spilindustrien
- Mangel på god ledelsespraksis
- Miljøødelæggende aktiviteter
- Menneskerettighedsspørgsmål
- Uetisk landepolitik
- Manglende klimaambitioner og forpligtelser
- Problemer relateret til olie- og gasproduktion
- Utilstrækkelig håndtering af naturressourcer som vand og land
- Forbrug af usunde fødevarer
- Involvering i virksomheder, der har negative indvirkninger på klimaet"
27,Roskilde,"- Tilknytning til Rusland
- Arbejdstagerrettigheder
- Brud på arbejdstagerrettigheder i henhold til FN Global Compact
- Biodiversitet og dens påvirkninger
- Kontroversielle våben
- Ejendomsopkøb
- Flyselskaber
- Fossile brændstoffer
- Spil
- God ledelsespraksis
- Skadelige miljøpraksisser
- Menneskerettigheder og relaterede problemer
- ILO-konventioner og -brud
- Internationale normer og konventioner
- Overtrædelse af UN Global Compact principper
- Krydstogtskibe
- Landepolitik
- Manglende klimaambitioner
- Normbrud og normviolationsspørgsmål
- Olie
- Principal Adverse Impacts (PAI)
- Tobaksprodukter
- Ydelser og forsyninger til støtte for bosættelser
- Sikkerhedstjenester og -udstyr til bosættelser
- Udsultende kuludvinding
- Usunde fødevarer
- Våben"
28,Aarhus,"- Arbejdstagerrettigheder
- Atomvåben
- Biodiversitet
- Brud på grundlæggende arbejdstagerrettigheder
- Kontroversielle våben (inkl. hvid fosfor og atomvåben)
- Ejendomsopkøb
- Flyselskaber
- Fossile brændstoffer (kul, olie, gas)
- Gambling
- God ledelsespraksis
- Skadelige miljøpraksisser
- Menneskerettighedsproblemer
- Internationale normer og konventioner
- Konflikt med UN Global Compact principper
- Kul-eksponering over 5%
- Manglende klimaambitioner
- Usunde fødevarer
- Forsvarsudstyr og militærrelaterede investeringer"
29,Jammerbugt,"- Arbejdstagerrettigheder
- ILO-konventioner, herunder brud på grundlæggende arbejdstagerrettigheder
- Kontroversielle våben (inklusive atomvåben og klyngevåben)
- Flyselskaber
- Fossile brændstoffer
- Menneskerettigheder og deres krænkelse
- Landepolitik
- Manglende klimaambitioner
- Usunde fødevarer
- Tobaksprodukter og detailhandel med tobaksvarer
- Krydskontroversielle aktiviteter, såsom krydstogtskibe
- Normovertrædelser relateret til menneskerettigheder
- Negative indvirkninger på menneskerettigheder (Principal Adverse Impacts)
- Udnyttelse af naturressourcer, især vand og land til forretningsformål
- Levering af sikkerhedstjenester til virksomheder i besatte områder"
30,Gladsaxe,"- Landepolitik
- Usunde fødevarer"
31,Tønder,"- Tilknytning til Rusland
- Overtrædelse af arbejdstagerrettigheder
- Brud på ILO-konventioner
- Brud på FN Global Compact principper
- Involvering i kontroversielle våben
- Deltagelse i flyselskaber
- Investering i fossile brændstoffer
- Krænkelse af menneskerettigheder
- Overtrædelse af normer og praktikker
- Manglende indfrielse af klimaambitioner
- Inddragelse i usunde fødevarer
- Inddragelse i sigaretprodukter
- Levering af tjenester til bevaringsområder
- Levering af sikkerhedstjenester til bevaringsområder
- Udforskning af termisk kul
- Problematikker ved landepolitik
- Principal Adverse Impacts (PAI)"
32,Ringkøbing-Skjern,"- Arbejdstagerrettigheder
- Brud på grundlæggende menneskerettigheder (FN Global Compact Princip 1 og 2)
- Brug af kontroversielle våben, herunder hvid fosfor
- Dårlig regeringsførelse
- Overholdelse af EU-sanktioner
- Eksklusion af lande med internationale sanktioner eller vurderet som ikke-investeringsegnede
- Emerging Markets statsobligationer uden ESG-overensstemmelse
- Involvering i fossil energi (olie sand, kul, osv.)
- Negativ indvirkning på miljø og sundhed
- Usunde fødevarer
- Uacceptable skattemæssige forhold (inkl. EU's sortliste)
- Utilstrækkelig regeringsførelse og forvaltningspraksis"
33,Mariagerfjord,"- Alkohol
- Arbejdstagerrettigheder
- Brud på grundlæggende arbejdstagerrettigheder (FN Global Compact princip 3 og 4)
- Atomvåben
- Biodiversitet og biodiversitetspåvirkninger
- Kontroversielle våben (hvid fosfor, atomvåben, klyngevåben)
- Ejendomsopkøb
- Fossile brændstoffer (kul, olie, kul-eksponering > 5%, overgang)
- Gambling
- Dårlig ledelsespraksis
- Skadelig miljøpraksis
- Menneskerettigheder og krænkelser heraf
- ILO-brud
- Overholdelse af internationale normer og sanktioner
- Manglende klimaambitioner
- Militært udstyr
- Usunde fødevarer
- Produkter relateret til tobaksdetailhandel
- Anvendelse af naturressourcer
- Tjenester og forsyninger til opretholdelse af bosættelser
- Levering af sikkerhedstjenester og udstyr til virksomheder i bosættelser
- Normbrud vedrørende miljø og menneskerettigheder"
34,Morsø,"- Arbejdstagerrettigheder
- ILO-brud (herunder ILO-konventionen 87)
- Biodiversitetspåvirkninger
- Kontroversielle våben
- Fossile brændstoffer
- Fossil ekspansion
- Kul (kul-eksponering > 5%)
- Usunde fødevarer
- Skadelige miljøpraksisser
- Landepolitik
- Normer
- Principal Adverse Impacts (PAI)
- Gambling
- Termisk kuludvinding"
35,Herning,"- Alkohol
- Arbejdstagerrettigheder, herunder ILO-konventionen 87
- Atomvåben
- Biodiversitet og biodiversitetspåvirkning
- Brud på grundlæggende arbejdstagerrettigheder (FN Global Compact princip 3 og 4)
- Kontroversielle våben (f.eks. hvid fosfor)
- Dårlig regeringsførelse
- EU-sanktioner
- Ejendomsopkøb
- Eksklusion af lande med internationale sanktioner eller vurderet som ikke-investeringsegnede
- Emerging Markets statsobligationer uden ESG-kriterier
- Flyselskaber
- Fossile brændstoffer og kul-eksponering
- Spil og gambling
- Dårlig ledelsespraksis
- Skadelige miljøpraksis
- Menneskerettighedsproblemer og normbrud
- Integreret olie & gas
- Israel/Palestina konflikten
- Klimarelaterede forhold
- Militært udstyr
- Normovertrædelser relateret til miljø og menneskerettigheder
- Skat (inklusive EU's sortliste)
- Anvendelse af naturressourcer, især vand og land
- Usunde fødevarer
- Utilfredsstillende regeringsførelse og forvaltningspraksis"
36,Hjørring,Der er ikke noget relevant data.
37,Bornholm,"- Arbejdstagerrettigheder
- Brud på grundlæggende arbejdstagerrettigheder (f.eks. ILO-konventionen 87)
- Strid mod FN Global Compact princip 3 og 4
- Kontroversielle våben
- Investeringer i flyselskaber
- Fossile brændstoffer
- Krænkelser af menneskerettigheder
- ILO-brud
- Landepolitik
- Manglende klimaambitioner
- Normovertrædelser relateret til menneskerettigheder
- Principal Adverse Impacts (PAI)
- Involvering i tobaksprodukter
- Tjenester og forsyninger der understøtter eksisterende bosættelser, herunder transport
- Levering af sikkerhedstjenester til virksomheder i bosættelser
- Udnyttelse af naturressourcer, specielt vand og land, til forretningsformål
- Usunde fødevarer"
38,Region Hovedstaden,"- Biodiversitet
- Kontroversielle våben
- Flyselskaber
- Israel/Palæstina
- Krydstogtskibe
- Normer
- Principal Adverse Impacts (PAI)
- Sikkerhedsforhold
- Tjenester og forsyninger til støtte for bosættelser, herunder transport"
39,Thisted,"- Arbejdstagerrettigheder
- Krænkelse af grundlæggende arbejdstagerrettigheder
- Brud på ILO-konventioner
- Brud på FN Global Compact principper
- Kontroversielle våben
- Investeringsaktivitet i flyselskaber
- Forurening fra fossile brændstoffer
- Menneskerettigheder
- ILO-brud
- Landepolitik
- Manglende klimaambitioner
- Normviolationer vedrørende menneskerettigheder
- Negative indvirkninger på samfund
- Involvering i tobaksprodukter
- Serviceydelser der støtter bosættelsers opretholdelse, herunder transport
- Levering af sikkerhedstjenester til virksomheder i bosættelser
- Udnyttelse af naturressourcer som vand og jord
- Usunde fødevarer"
40,Kolding,"- Arbejdstagerrettigheder
- Brud på grundlæggende arbejdstagerrettigheder
- Biodiversitet og dens påvirkninger
- Kontroversielle våben, herunder hvid fosfor
- Overtrædelser af EU-sanktioner
- Ejendomsopkøb relateret til konfliktområder
- Investeringer i emerging markets statsobligationer uden ESG-overholdelse
- Flyselskaber
- Fossil brændstof og kul ekspansion
- Gambling
- Dårlig ledelsespraksis
- Skadelige miljøpraksisser
- Menneskerettighedsproblemer
- Brud på internationale normer og konventioner
- Konflikt relateret til Israel/Palæstina
- Problematiske landepolitikker
- Manglende klimaambitioner
- Anvendelse af naturressourcer som vand og land til forretningsformål
- Usunde fødevarer"
41,Lolland,"- Arbejdstagerrettigheder
- Biodiversitet
- Kontroversielle våben
- Fossile brændstoffer og ekspansion
- Spil og gambling
- Skadelige miljøpraksisser
- ILO-brud
- Israel/Palæstina konflikten
- Krydstogtskibe
- Kul (kul-eksponering > 5%)
- Landepolitik
- Usunde fødevarer

Overordnede årsager:
- Overtrædelser af arbejdstagerrettigheder
- Miljømæssige konsekvenser
- Etiske investeringsprincipper
- Geopolitisk risiko"
42,Langeland,Der er ikke noget relevant data.
43,Randers,"- Arbejdstagerrettigheder
- Brud på arbejdstagerrettigheder, herunder ILO-konventioner og FN Global Compact
- Biodiversitet
- Kontroversielle våben, herunder hvidt fosfor
- Ejendomsopkøb og landepolitik
- Flytransport
- Fossil brændstof, herunder kuludvinding og olie
- Usunde fødevarer
- Menneskerettigheder og humanitære forhold
- Dårlig ledelsespraksis
- Miljømæssige skader og manglende klimaambitioner
- Brud på internationale normer og konventioner"
44,Hillerød,"- Arbejdstagerrettigheder 
- Biodiversitet 
- Brud på grundlæggende arbejdstagerrettigheder 
- Kontroversielle våben, herunder hvid fosfor 
- EU-sanktioner 
- Ejendomsopkøb 
- Emerging Markets statsobligationer uden ESG-overholdelse 
- Flyselskaber 
- Fossile brændstoffer, herunder kuludvidelse 
- God ledelsespraksis 
- Skadelige miljøpraksisser 
- Menneskerettighedsproblematikker 
- International normoverholdelse 
- Konflikt med UN Global Compact princip nr. 10 
- Kul eksponering over 5% 
- Landepolitik 
- Manglende klimaambitioner 
- Miljømæssige normovertrædelser 
- Udsættelse af menneskers sundhed for usunde fødevarer 
- Anvendelse af naturressourcer til erhvervsmæssige formål 
- Undgåelse af aktiviteter, der strider imod internationale normer og konventioner "
45,Sorø,"- Arbejdstagerrettigheder
- Biodiversitet
- Kontroversielle våben
- Fossile brændstoffer
- Spilafhængighed
- Skadelige miljøpraksisser
- Brud på ILO-konventioner
- Israel/Palæstina konflikten
- Krydstogtskibe
- Kul-eksponering over 5%
- Uholdbare fødevarer
- Landepolitik
- Normafvigelse
- Primære negative påvirkninger (PAI)
- Ekstraction af termisk kul"
46,Egedal,"- Arbejdstagerrettigheder, herunder overtrædelser af ILO-konventioner og FN Global Compact principper.
- Brud på menneskerettigheder og normer.
- Eksponering over for kontroversielle våben.
- Overholdelse af EU sanktioner og internationale sanktioner.
- Investeringer i flyselskaber.
- Engagering i fossile brændstoffer og manglende klimaambitioner.
- Eksponering for kul og ukonventionel olie og gas.
- Udsatte politiske forhold, herunder Israel/Palæstina konflikten.
- Bistand til aktiviteter i besatte områder.
- Involvering i tobaksprodukter og usunde fødevarer.
- Sikkerhedsrisici og forsyning af sikkerhedsudstyr til etableringer i besatte områder."
47,Rebild,"- Arbejdstagerrettigheder og brud herpå
- Overtrædelse af ILO-konventioner
- Brud mod FN Global Compact principperne 3 og 4
- Anvendelse af kontroversielle våben
- Investeringer i flyselskaber
- Deltagelse i fossile brændstofaktiviteter
- Brud på menneskerettigheder
- Manglende overholdelse af arbejdsretter
- Uretmæssig landepolitik
- Utilfredsstillende klimaambitioner
- Overtrædelser relateret til norms og normviolations
- Væsentlige negative påvirkninger (Principal Adverse Impacts - PAI)
- Deltagelse i tobakshandler
- Tjenester der understøtter opretholdelse af bosættelser
- Levering af sikkerhedstjenester til besættede områder
- Uholdbar udnyttelse af naturressourcer ( vand og land)
- Tilvejebringelse af usunde fødevarer"
48,Lemvig,"- Arbejdstagerrettigheder
- Biodiversitet
- Brud på arbejdstagerrettigheder (FN Global Compact princip 3 og 4)
- Kontroversielle våben som hvid fosfor
- EU-sanktioner
- Ejendomsopkøb
- Emerging Markets statsobligationer ikke i overensstemmelse med ESG-kriterier
- Flyselskaber
- Fossil energi (kul-udvidelse og olie)
- God ledelsespraksis
- Skadelige miljøpraksis
- Menneskerettighedsspørgsmål
- ILO-brud
- Internationale normer og konventioner
- Konflikt med UN Global Compact princip nr. 10
- Kul-eksponering over 5%
- Manglende klimaambitioner
- Normbrud knyttet til miljø
- Principal Adverse Impacts (PAI)
- Tjenester og forsyninger, der understøtter bosættelser
- Anvendelse af naturressourcer (vand og land) til forretningsformål
- Udvinding af termisk kul
- Usunde fødevarer"
49,Region Sjælland,"- Affiliation med Rusland
- Arbejdstagerrettigheder
- Brud på arbejdstagerrettigheder (inklusive ILO-konvention 87)
- Biodiversitet og dens påvirkninger
- Brud på FN Global Compact principperne 3 og 4
- Kontroversielle våben, herunder atomvåben og klyngevåben
- Investeringer i flyselskaber
- Fossile brændstoffer og fossil ekspansion
- Spilindustri (gambling)
- Skadelige miljøpraksisser
- Krænkelse af menneskerettigheder
- ILO-brud
- Israel/Palæstina konflikten
- Krydstogtskibe
- Kul (eksponering over 5%)
- Landepolitik
- Manglende klimaambitioner
- Normkrænkelse i forhold til menneskerettigheder
- Principal Adverse Impacts (PAI)
- Inddragelse i tobaksprodukter (detailhandel)
- Levering af tjenester og forsyninger til etablerede bosættelser
- Forsyning af sikkerhedstjenester til virksomheder i bosættelser
- Udnyttelse af naturressourcer, særligt vand og jord
- Termisk kuludvinding
- Tobak
- Usunde fødevarer"
50,Faaborg-Midtfyn,"- Arbejdstagerrettigheder
- Brud på grundlæggende arbejdstagerrettigheder, inkl. ILO-konventionen
- Biodiversitet og dens påvirkninger
- Kontroversielle våben
- Ejendomsopkøb
- Flyselskaber
- Fossile brændstoffer og deres ekspansion
- Gambling
- God ledelsespraksis
- Skadelige miljøpraksisser
- Menneskerettigheder og relaterede problemstillinger
- Overtrædelser af internationale normer og konventioner
- Konflikt med UN Global Compact principper
- Kul-eksponering over 5%
- Manglende klimaambitioner
- Usunde fødevarer"
51,Ishøj,Der er ikke noget relevant data.
52,Viborg,"- Tilknytning til Rusland
- Arbejdstagerrettigheder
- ILO-konventionsbrud (bl.a. Konvention 87)
- Brud på grundlæggende arbejdstagerrettigheder (FN Global Compact princip 3 og 4)
- Kontroversielle våben
- Flyselskaber
- Fossile brændstoffer
- Krænkelse af menneskerettigheder
- ILO-brud
- Israel/Palæstina
- Manglende klimaambitioner
- Normviolationer af menneskerettigheder
- Olie
- Principal Adverse Impacts (PAI)
- Engageret i tobaksprodukter
- Levering af tjenester og forsyninger til opretholdelse af bosættelser
- Levering af sikkerhedstjenester og udstyr til virksomheder i bosættelser
- Thermal kuludvinding
- Usunde fødevarer"
53,Nordfyn,"- Arbejdstagerrettigheder
- Brud på arbejdstagerrettigheder, herunder ILO-konventionen
- Biodiversitet og dens indvirkninger
- Kontroversielle våben
- Overtrædelse af EU-sanktioner
- Ejendomsopkøb 
- Investeringer i emerging markets statsobligationer uden ESG-kriterier
- Flyselskaber
- Fossile brændstoffer
- Gambling
- God ledelsespraksis
- Skadelige miljøpraksisser
- Menneskerettigheder og deres krænkelser
- Internationale normer og konventioner
- Manglende klimaambitioner
- Normbrud og normovertrædelser
- Olie
- Uønskede sociale virkninger (Principal Adverse Impacts - PAI)
- Tobak produkter
- Tjenester og forsyninger til opretholdelse af bosættelser, herunder transport
- Sikkerhedstjenester til virksomheder i bosættelser
- Anvendelse af naturressourcer som vand og land
- Uacceptabel kuludvinding
- Usunde fødevarer
- Våben"
54,Gentofte,Der er ikke noget relevant data.
55,Herlev,Der er ikke noget relevant data.
56,Furesø,"- Arbejdstagerrettigheder
- ILO-konventionen 87
- Atomvåben
- Kontroversielle våben (inklusive hvidt fosfor)
- Flyselskaber
- Fossil fuel og fossil transition
- Gambling
- Klima og miljø
- Landepolitik
- Manglende klimaambitioner
- Principal Adverse Impacts (PAI)
- Usunde fødevarer"
57,Tårnby,Der er ikke noget relevant data.
58,Fredensborg,"- Arbejdstagerrettigheder
- Biodiversitet
- Kontroversielle våben
- Flyselskaber
- Fossil brændstof
- Udvidelse af fossile ressourcer
- Spil og gambling
- Skadelige miljøpraksisser
- ILO-overtrædelser
- Israel/Palæstina konflikten
- Krydstogtskibe
- Kul-eksponering over 5%
- Landepolitik
- Normer og værdier
- Væsentlige negative påvirkninger (PAI)
- Tjenester og forsyninger til støtte for bosættelser, herunder transport
- Thermal kuludvinding
- Usunde fødevarer"
59,Næstved,"- Arbejdstagerrettigheder
- Brud på grundlæggende arbejdstagerrettigheder
- Biodiversitet
- Kontroversielle våben, herunder hvidt fosfor
- Ejendomsopkøb
- Flyselskaber
- Udvidelse af fossil energi, herunder kul
- Dårlig ledelsespraksis
- Skadelige miljøpraksisser
- Menneskerettighedsproblemer
- Overtrædelser af internationale normer og konventioner
- Landepolitik
- Manglende klimaambitioner
- Anvendelse af naturressourcer, især vand og land, til forretningsformål
- Usunde fødevarer"
60,Syddjurs,"- Overordnede årsager: 
  - Arbejdstagerrettigheder
  - Menneskerettigheder
  - Miljøpåvirkninger
  - Fald i biodiversitet
  - Kontroversielle våben
  - Usunde fødevarer
  - Fossile brændstoffer 
  - Spil og gambling
  - Dårlig ledelsespraksis

- Eksklusionsårsager: 
  - Brud på arbejdstagerrettigheder i strid med FN Global Compact
  - Involvering i produktion af hvidt fosfor
  - Ejendomsopkøb i konflikt med internationale normer
  - Deltagelse i flyselskaber
  - Deltagelse i krydstogtskibe
  - Uacceptabel landepolitik 
  - Manglende klimaambitioner
  - Aktiviteter relateret til olie og kul
  - Engagement i kontroversielle våbenproduktion
  - Forskning/produktion af usunde fødevarer
  - Brud på ILO-standarder
  - Brud på normer og konventioner relateret til menneskerettigheder"
61,Struer,"- Arbejdstagerrettigheder
- ILO-konventionen 87
- Biodiversitet
- Kontroversielle våben
- Fossile brændstoffer
- Fossil ekspansion
- Spil/lotteri
- Skadelige miljøpraksisser
- Brud på ILO-konventioner
- Israel/Palestina konflikten
- Krydstogtskibe
- Kul (kul-eksponering > 5%)
- Landepolitik
- Normer
- Principal Adverse Impacts (PAI)
- Ugesunde fødevarer"
62,Rudersdal,"- Alkohol
- Arbejdstagerrettigheder
- Arbejdstagerrettigheder (bl.a. ILO-konventionen 87)
- Atomvåben
- Banking og finansielle operationer, der støtter udvikling af bosættelser
- Biodiversitet
- Biodiversitetspåvirkninger
- Kontroversielle våben
- Flyselskaber
- Fossile brændstoffer
- Spil og gambling
- Skadelige miljøpraksisser
- Menneskerettigheder
- Menneskerettighedsproblemer
- ILO-brud
- Internationale sanktioner og forretningsetik
- Involvering i atomvåben
- Israel/Palæstina
- Klima
- Klima (Omstilling)
- Kontroversielle våben (atomvåben, klyngevåben mv.)
- Krydstogtskibe
- Arbejdspraksisser
- Arbejdsrettigheder
- Landepolitik
- Manglende klimaambitioner
- Military Equipment
- Normer
- Overtrædelser af menneskerettigheder
- Principal Adverse Impacts (PAI)
- SPU
- Levering af tjenester og forsyninger til støtte for bosættelser
- Anvendelse af naturressourcer, især vand og land
- Udtakning af termisk kul
- Usunde fødevarer
- Våben
- Våben og militært udstyr"
63,Odense,"- Arbejdstagerrettigheder og ILO-konventioner
- Biodiversitet og negative biodiversitetsindvirkninger
- Brud på grundlæggende arbejdstagerrettigheder i modstrid med FN Global Compact
- Involvering i kontroversielle våben, herunder hvidt fosfor
- Ejendomsopkøb relateret til konfliktzoner
- Investeringer i flyselskaber
- Udnyttelse af fossile brændstoffer
- Deltagelse i spil- og gamblingindustrien
- Mangel på god ledelsespraksis
- Skadelige miljøpraksisser
- Problemer med menneskerettigheder
- Brud på internationale normer og konventioner
- Deltagelse i produktion af hvidt fosfor
- Udfordringer relateret til Israel/Palestina konflikten
- Konflikter med UN Global Compact principper
- Investeringer i krydstogtskibe
- Uacceptable landepolitikker
- Utilstrækkelige klimaambitioner
- Investeringer i olie og kuludvinding
- Principal Adverse Impacts (PAI) i investeringerne
- Støtte til tjenester og forsyninger i besættelsesområder
- Usunde fødevarer
- Investeringer i våben og militærudstyr"
64,Region Nordjylland,"- Arbejdstagerrettigheder, herunder ILO-konvention 87
- Biodiversitet og negative påvirkninger på biologisk mangfoldighed
- Brud på grundlæggende arbejdstagerrettigheder, i strid med FN Global Compact princip 3 og 4
- Brud på grundlæggende menneskerettigheder, i strid med FN Global Compact princip 1 og 2
- Kontroversielle våben
- Dårlig regeringsførelse
- EU-sanktioner og tilknyttede forhold
- Investeringer i lande under internationale sanktioner eller vurderet som ikke-investeringsegnede
- Emerging Markets statsobligationer uden overholdelse af ESG-kriterier
- Fossile brændstoffer, herunder olie sand og kul med høj eksponering
- Skattemæssige forhold, inklusiv EU's sortliste
- Usunde fødevarer
- Norms violation vedrørende miljøforurening og sundheds- og sikkerhedsstandarder
- Sikkerhedsforhold relateret til investeringer
- Landepolitik og tilgange til regeringsførelse"
65,Greve,"- Arbejdstagerrettigheder og brud på disse
- Biodiversitet
- Kontroversielle våben, herunder hvid fosfor
- Overholdelse af EU-sanktioner
- Ejendomsopkøb i konfliktområder
- Investeringer i Emerging Markets, der ikke lever op til ESG-kriterier
- Eksponering mod fossile brændstoffer, herunder kul og olie
- Dårlige miljøpraksis
- Menneskerettighedsproblemer
- Konflikter med internationale normer og konventioner
- Manglende klimaambitioner
- Usunde fødevarer
- Indflydelse på landepolitik og naturressourcer"
66,Høje Taastrup,"- Brud på arbejdstagerrettigheder
- Krænkelse af menneskerettigheder
- Involvering i kontroversielle våben (herunder hvidt fosfor)
- Skadelig miljøpraksis
- Investering i fossil energi (kul, olie, gas)
- Manglende klimaambitioner
- Ejendomsopkøb relateret til konfliktområder
- Overtrædelse af internationale normer og konventioner
- Uetisk landepolitik
- Problematisk involvering i tobaksprodukter
- Problematisk rolle i konflikter som Israel/Palestina
- Udsatte miljøer og biodiversitet
- Dårlig ledelsespraksis
- Usunde fødevarer
- Adgang til vand og landressourcer uden samtykke
- Levering af sikkerhedstjenester til konfliktramte områder"
67,Slagelse,"- Arbejdstagerrettigheder  
- Biodiversitet  
- Brud på grundlæggende arbejdstagerrettigheder  
- Kontroversielle våben  
- EU-sanktioner  
- Ejendomsopkøb  
- Emerging Markets statsobligationer uden ESG-overholdelse  
- Fossil brændstof  
- Gambling  
- God ledelsespraksis  
- Skadelige miljøpraksisser  
- Menneskerettighedsspørgsmål  
- ILO-brud  
- Brud på internationale normer og konventioner  
- Manglende klimaambitioner  
- Normbrud og normviolationer  
- Udnyttelse af naturressourcer, herunder vand og jord  
- Termisk kuludvinding  
- Usunde fødevarer  
- Tjenester og forsyninger til opretholdelse af bosættelser, herunder transport  
- Flyselskaber  
- Krydstogtskibe  
- Olie  
- Våben  "
68,Brønderslev,"- Arbejdstagerrettigheder, herunder brud på ILO-konventioner
- Biodiversitetsproblemer og negative indvirkninger på naturen
- Investeringer i kontroversielle våben
- Engagement i flyselskaber
- Eksponering for fossile brændstoffer og fossil ekspansion
- Inddragelse i gambling
- Uheldig miljøpraksis
- Brud på ILO-standarder
- Konflikter mellem Israel og Palæstina
- Deltagelse i krydstogtskibsindustrien
- Kul-eksponering over 5%
- Landepolitik, der påvirker bæredygtighed
- Overordnede normer for investeringer
- Negative påvirkninger på samfund og miljø (Principal Adverse Impacts, PAI)
- Levering af tjenester og forsyninger til bosættelser, herunder transport
- Udnyttelse af naturressourcer som vand og land
- Uholdbar kuludvinding
- Produktion af usunde fødevarer"
69,Lyngby-Taarbæk,"- Arbejdstagerrettigheder
- Brud på arbejdstagerrettigheder (f.eks. ILO-konventionen 87)
- Overtrædelser af FN Global Compact principperne 3 og 4
- Kontroversielle våben
- Eksponering mod flyselskaber
- Investering i fossile brændstoffer
- Krænkelse af menneskerettigheder
- Manglende overholdelse af ILO-standarder
- Problemskabende landepolitik
- Utilstrækkelige klimaambitioner
- Generelle brud på menneskerettigheder
- Normovertrædelser relateret til menneskerettigheder
- Væsentlige negative virkninger (PAI)
- Involvering i tobaksprodukter
- Levering af tjenester og faciliteter, der understøtter bevarelsen af bosættelser
- Levering af sikkerhedstjenester til virksomheder i bosættelser
- Anvendelse af naturressourcer, især vand og jord, til erhvervsmæssige formål
- Produktion af usunde fødevarer"
70,Allerød,Der er ikke noget relevant data.
71,Halsnæs,Der er ikke noget relevant data.
72,Sønderborg,Der er ikke noget relevant data.
73,Solrød,"- Brud på arbejdstagerrettigheder
- Overtrædelse af ILO-konventioner
- Overtrædelse af FN Global Compact principper
- Involvering i kontroversielle våben
- Investering i flyselskaber
- Investering i fossile brændstoffer
- Krænkelse af menneskerettigheder
- Problematisk landepolitik
- Manglende klimaambitiøse tiltag
- Overtrædelse af normer relateret til menneskerettigheder
- Adverse impacts (PAI) som følge af investeringer
- Involvering i tobaksprodukter
- Levering af tjenester og forsyninger til bosættelser
- Levering af sikkerhedsudstyr til virksomheder i bosættelser
- Inddragelse af usunde fødevarer"
74,Aabenraa,"- Arbejdstagerrettigheder
- Brud på arbejdstagerrettigheder (FN Global Compact princip 3 og 4)
- Biodiversitet
- Kontroversielle våben (f.eks. hvidt fosfor)
- EU-sanktioner
- Ejendomsopkøb og landepolitik
- Emerging Markets statsobligationer uden ESG-kriterier
- Uholdbare transportmetoder (f.eks. flyselskaber)
- Fossil brændstof (kul, olie, transition)
- Dårlig ledelsespraksis
- Skadelige miljøpraksisser
- Menneskerettigheder (krænkelser og problemer)
- Internationale normer og konventioner 
- Manglende klimaambitioner
- Usunde fødevarer
- Principal Adverse Impacts (PAI)
- Aktiviteter relateret til tobaksprodukter
- Levering af tjenester og forsyninger til bosættelser
- Udtømning af naturressourcer (vand og land) til business formål
- Normbrud inden for miljø og menneskerettigheder"
75,Gribskov,"- Arbejdstagerrettigheder
- Brud på grundlæggende arbejdstagerrettigheder (herunder ILO-konventionen 87)
- Overtrædelser ift. FN Global Compact princip 3 og 4
- Kontroversielle våben
- Flyselskaber
- Fossile brændstoffer
- Menneskerettigheder
- ILO-brud
- Krænkelse af menneskerettigheder
- Landepolitik
- Manglende klimaambitioner
- Normkrænkelse
- Principal Adverse Impacts (PAI)
- Involvering i tobaksprodukter
- Tjenesteydelser og forsyninger til opretholdelse af bosættelser
- Levering af sikkerhedstjenester til virksomheder i bosættelser
- Udnyttelse af naturressourcer (vand og jord) til erhverv
- Usunde fødevarer"
76,Rødovre,"- Alkohol
- Arbejdstagerrettigheder, herunder brud på ILO-konventioner
- Atomvåben og relaterede aktiviteter
- Banker og finansielle operationer, der støtter ulovlige bosættelser
- Biodiversitet
- Brud på grundlæggende menneskerettigheder
- Kontroversielle våben, inklusive klyngevåben
- Dårlig regeringsførelse
- EU-sanktioner
- Ekskludering af lande under internationale sanktioner
- Emerging Markets statsobligationer, der ikke opfylder ESG-kriterier
- Forurening fra tjæresandsaktiviteter
- Fossil energiproduktion og stærk ekspansion (kul, olie, gas)
- Gambling
- God ledelsespraksis
- Krænkelse af menneskerettigheder
- Landeeksklusion
- Lav ESG-performance og manglende klimaambitioner
- Miljømæssige overtrædelser og normbrud
- Olie og gasudvinding
- Pengespil
- Udsigt til usunde fødevarer
- Krigsmateriel
- Usund fastfood
- Skat og skattemæssige overtrædelser
- Overtrædelse af globale normer og konventioner
- Ukonventionel energiudvinding
- Årsag ikke nævnt"
77,Ærø,Der er ikke noget relevant data.
78,Albertslund,Der er ikke noget relevant data.
79,København,"- Arbejdstagerrettigheder
- Kontroversielle våben
- Involvering i produktion af hvidt fosfor
- Israel/Palestina
- Landepolitik
- Menneskerettigheder
- Normer
- Principale negative påvirkninger (PAI)
- Udvinding af termisk kul
- Usunde fødevarer"
80,Skanderborg,"- Tilknytning til Rusland
- Arbejdstagerrettigheder
- Brud på grundlæggende arbejdstagerrettigheder
- Produktion af kontroversielle våben (hvid fosfor)
- Involvering i kontroversielle våben
- Involvering som flyselskab
- Investering i fossile brændstoffer
- Krænkelse af menneskerettigheder
- ILO-brud
- Dårlig landepolitik
- Manglende klimaambitioner
- Overtrædelse af normer
- Negative effekter på menneskerettigheder
- Uheldige påvirkninger (Principal Adverse Impacts)
- Involvering i tobaksprodukter
- Levering af services til bosættelser
- Levering af sikkerhedstjenester til virksomheder i bosættelser
- Udsigt til termisk kuludvinding
- Handel med usunde fødevarer"
81,Faxe,"- Arbejdstagerrettigheder
- EU sanktioner
- Fossil Fuel
- Kul (kul-eksponering > 5%)
- Omsætning fra ukonventionel olie og gas, termisk kul eller arktisk boring > 5%
- Ruslands invasion af Ukraine
- Internationale sanktioner
- Israel/Palestina
- Sikkerhedsrisici
- Principal Adverse Impacts (PAI) 
- Norms"
82,Vordingborg,Der er ikke noget relevant data.
83,Haderslev,"- Tilknytning til Rusland 
- Kontroversielle våben 
- Fossile brændstoffer 
- Landepolitik 
- Væsentlige negative virkninger (Principal Adverse Impacts - PAI)"
84,Guldborgsund,"- Arbejdstagerrettigheder
- Biodiversitet 
- Brud på grundlæggende arbejdstagerrettigheder 
- Kontroversielle våben 
- EU-sanktioner 
- Ejendomsopkøb 
- Statsobligationer uden ESG-overholdelse 
- Flyselskab 
- Fossile brændstoffer 
- Gambling 
- God ledelsespraksis 
- Skadelige miljøpraksisser 
- Menneskerettigheder 
- ILO-brud 
- Internationale normer og konventioner 
- Konflikt med UN Global Compact princip 
- Krydstogtskibe 
- Krænkelse af menneskerettigheder 
- Landepolitik 
- Manglende klimaambitioner 
- Normbrud 
- Tobaksprodukter 
- Tjenester og forsyninger til bosættelser 
- Sikkerhedstjenester til virksomheder i bosættelser 
- Udnyttelse af naturressourcer, især vand og land 
- Udtømning af termisk kul 
- Usunde fødevarer 
- Våben"
85,Fredericia,"- Arbejdstagerrettigheder
- Brud på grundlæggende arbejdstagerrettigheder (FN Global Compact princip 3 og 4)
- Biodiversitet
- Kontroversielle våben, herunder hvid fosfor
- EU-sanktioner
- Ejendomsopkøb
- Emerging Markets statsobligationer uden ESG-kriterier
- Flyselskaber 
- Fossil brændstof (inklusive kul og olie) 
- God ledelsespraksis
- Skadelige miljøpraksis
- Menneskerettigheder
- Internationale normer og konventioner
- Manglende klimaambitioner
- Landepolitik 
- Principal Adverse Impacts (PAI)
- Anvendelse af naturressourcer, især vand og land
- Normbrud og miljøovertrædelser
- Usunde fødevarer"
86,Hvidovre,"- Arbejdstagerrettigheder
- Brud på arbejdstagerrettigheder (herunder ILO-konventionen 87)
- Biodiversitet og dens påvirkninger
- Controversial Weapons
- Inden for flyselskaber
- Fossil fuel og fossil ekspansion
- Gambling
- Skadelige miljøpraksisser
- Menneskerettigheder og deres krænkelse
- ILO-brud
- Konflikten mellem Israel og Palæstina
- Krydstogtskibe
- Kul med eksponering over 5%
- Landepolitik
- Manglende klimaambitioner
- Normviolationer vedrørende menneskerettigheder
- Principal Adverse Impacts (PAI)
- Involvering i tobaksprodukter
- Levering af tjenester og forsyninger, der understøtter bosættelser
- Levering af sikkerhedstjenester til virksomheder i bosættelser
- Brug af naturressourcer, især vand og land, til forretningsformål
- Udgivelse af termisk kul
- Usunde fødevarer"
87,Hørsholm,"- Arbejdstagerrettigheder
- Biodiversitet
- Brud på arbejdstagerrettigheder
- Kontroversielle våben, herunder hvidt fosfor
- Ejendomsopkøb
- Flyselskaber
- Fossile brændstoffer og kuludvidelse
- Spilindustrien
- Menneskerettigheder
- Dårlig ledelsespraksis
- Skadelige miljøpraksis
- Uoverensstemmelser med internationale normer og konventioner
- Israel/Palæstina konflikten
- Manglende klimaambitioner
- Landepolitik
- Anvendelse af naturressourcer til erhvervsmæssige formål
- Tjenester og faciliteter for opretholdelse af bosættelser
- Usunde fødevarer"
88,Ballerup,"- Arbejdstagerrettigheder
- Biodiversitet
- Kontroversielle våben
- Fossile brændstoffer
- Gældende løsninger relateret til fossile brændstoffer (fossil ekspansion)
- Spil (gambling)
- Skadelige miljøpraksisser
- Overtrædelser af ILO-konventioner
- Israel/Palæstina-konflikten
- Krydstogtskibe
- Kul (kul-eksponering over 5%)
- Landepolitik
- Normer
- Principal Adverse Impacts (PAI)
- Ekstraktion af termisk kul
- Usunde fødevarer"
89,Ringsted,Der er ikke noget relevant data.
90,Nyborg,"- Arbejdstagerrettigheder og brud herpå
- Overtrædelser af ILO-konventioner
- Krænkelse af menneskerettigheder
- Kontroversielle våben
- Involvering i flyselskaber
- Investering i fossile brændstoffer
- Mangel på klimaambitioner
- Normovertrædelser relateret til menneskerettigheder
- Negativ indvirkning på menneskerettigheder generelt
- Involvering i tobaksprodukter
- Levering af tjenester og forsyninger til bosættelser
- Levering af sikkerhedstjenester til bosættelser
- Udnyttelse af naturressourcer til erhvervsmæssige formål
- Produktion af usunde fødevarer"
91,Region Midtjylland,"- Arbejdstagerrettigheder
- Biodiversitet
- Kontroversielle våben
- Fossile brændstoffer
- Spil og gambling
- Skadelige miljøpraksisser
- Israel/Palestina konflikten
- Krydstogtskibe
- Kul-eksponering
- Landepolitik
- Principal Adverse Impacts (PAI)
- Usunde fødevarer"
92,Silkeborg,"- Arbejdstagerrettigheder
- Biodiversitet
- Kontroversielle våben
- EU-sanktioner
- Statsobligationer fra Emerging Markets, der ikke lever op til ESG-kriterier
- Fossile brændstoffer og ekspansion af fossile energikilder
- Gambling
- Skadelige miljøpraksisser
- ILO-brud
- Israel/Palestina-konflikten
- Krydstogtskibe
- Kul med eksponering over 5%
- Landepolitik
- Menneskerettigheder
- Risikovurdering af ESG-forhold
- Usunde fødevarer"
93,Hedensted,"- Arbejdstagerrettigheder og brud herpå
- Biodiversitet og skadelige miljøpraksisser
- Kontroversielle våben og EU-sanktioner
- Ejendomsopkøb og investeringer i konfliktområder
- Obligationsinvesteringer i emerging markets uden ESG-overholdelse
- Flyselskaber og krydstogtskibe
- Fossile brændstoffer og fossil ekspansion
- Gambling og usunde fødevarer
- Menneskerettigheder og internationale normer
- Manglende klimaambitioner og normbrud
- Konflikter med UN Global Compact principper"
94,Aalborg,"- Arbejdstagerrettigheder
- Brud på grundlæggende arbejdstagerrettigheder
- Biodiversitet og dens påvirkninger
- Kontroversielle våben, herunder hvid fosfor
- Ejendomsopkøb
- Fossile brændstoffer såsom kul og olie
- Spil og gambling
- Dårlig ledelsespraksis
- Skadelige miljømæssige metoder
- Menneskerettighedsproblemer
- Overtrædelser af internationale normer og konventioner
- Landepolitik
- Manglende klimaambitioner
- Usunde fødevarer
- Military Equipment og øvrige militære våben
- Involvering i produktionen af hvidt fosfor
- Tjenester og faciliteter der støtter bosættelser, herunder transport
- Principal Adverse Impacts (PAI) i relation til miljø
- Normbrud relateret til miljø"
95,Frederikssund,"- Landepolitik
- Usunde fødevarer"
96,Vejen,"- Affiliated with Russia
- Alkohol
- Arbejdstagerrettigheder
- Biodiversitet
- Brud på menneskerettigheder (FN Global Compact Princip 1 og 2)
- Kontroversielle våben
- Dårlig regeringsførelse
- EU-sanktioner
- Eksklusion af lande med internationale sanktioner eller vurderet som ikke-investeringsegnede
- Emerging Markets statsobligationer uden ESG-kriterier
- Flyselskaber
- Fossil energi (fracking, oil sand, transition, ekspansion)
- Gambling
- Integreret olie & gas
- Internationale normer og konventioner
- Israel/Palæstina
- Klima- og miljøforhold
- Krydstogtskibe
- Landepolitik
- Lav ESG performance
- Menneskerettigheder
- Militært udstyr
- Miljøovertrædelser og sundhedsstandarder
- Olie- og gasudvinding og produktion
- Pengespil
- Principal Adverse Impacts (PAI)
- Tobak (detailhandel)
- Risikovurdering af ESG-forhold
- Sikkerhedsforhold
- Skat og EU's sortliste
- Tar sands
- Tjenester og forsyninger til bosættelser
- Brug af naturressourcer (vand og land)
- Termisk kuludvinding
- Usunde fødevarer
- Utilfredsstillende regeringsførelse og forvaltningspraksis
- Årsag ikke nævnt"
97,Kerteminde,"- Arbejdstagerrettigheder
- Arbejdstagerrettigheder i relation til ILO-konventionen 87
- Biodiversitet og biodiversitetseffekter
- Kontroversielle våben
- Fossile brændstoffer og fossil ekspansion
- Spillevirksomhed
- Skadelige miljøpraksisser
- ILO-brud
- Konflikten mellem Israel og Palæstina
- Krydstogtskibe
- Kul (kul-eksponering > 5%)
- Landepolitik
- Normer
- Principal Adverse Impacts (PAI)
- Ugesunde fødevarer"
98,Holbæk,"- Alkohol
- Kontroversielle våben
- Flyselskaber
- Fossilovergang
- Fossile brændstoffer
- Integreret olie og gas
- Klimarelaterede forhold
- Miljøpåvirkninger
- Normbrud
- Olieindustri
- Principielle negative indvirkninger (PAI)
- Tjenester og faciliteter, der understøtter opretholdelse af bosættelser, inklusiv transport"
99,Kalundborg,"- Tilknytning til Rusland
- Alkoholproduktion
- Overtrædelse af arbejdstagerrettigheder
- Påvirkning af biodiversitet
- Brud på menneskerettigheder i strid med FN Global Compact
- Kontroversielle våben
- Dårlig regeringsførelse
- Underlagt EU-sanktioner
- Udgivet statsobligationer uden ESG-overholdelse fra emerging markets
- Flytransport
- Fracking
- Olie sands
- Overgangsmetoder inden for fossil energi
- Fossile brændstoffer generelt
- Ekspansion inden for fossil energi
- Spillevirksomhed
- Israel/Palæstina konflikten
- Klimarelaterede problemstillinger
- Krydstogtsselskaber
- Utilfredsstillende landepolitik
- Uoverensstemmelser med ansvarlige investeringspolitikker
- Lav ESG-ydeevne
- Miljøovertrædelser
- Miljømæssige normovertrædelser
- Olie- og gasudvinding
- Spillereguleringsproblematikker
- Uholdbar skattepraksis
- Tjenester og forsyninger til opretholdelse af bosættelser
- Uholdbar anvendelse af naturressourcer
- Termisk kuludvinding
- Usunde fødevarer
- Utilfredsstillende regeringsførelse og forvaltningspraksis
- Våben og militærudstyr
- Årsag ikke nævnt"
100,Frederikshavn,Der er ikke noget relevant data.
